City_ID,City,Country,Date,Lat,Lng,Max Temp,Humidity,Cloudiness,Wind Speed
0,Barrow,US,2021-07-23 16:18:02,71.2906,-156.7887,35.62,93,90,17.27
1,Pisco,PE,2021-07-23 16:20:26,-13.7,-76.2167,65.01,72,75,2.3
2,Puerto Ayora,EC,2021-07-23 16:19:55,-0.7393,-90.3518,76.96,82,100,8.99
3,Coahuayana,MX,2021-07-23 16:26:02,18.7333,-103.6833,87.28,66,94,2.33
4,Kaitangata,NZ,2021-07-23 16:19:57,-46.2817,169.8464,44.92,75,59,5.53
5,Launceston,AU,2021-07-23 16:26:58,-41.45,147.1667,45.16,97,90,5.75
6,Bredasdorp,ZA,2021-07-23 16:19:50,-34.5322,20.0403,51.12,71,1,9.22
7,Makakilo City,US,2021-07-23 16:24:23,21.3469,-158.0858,77.32,73,90,3.44
8,Qaanaaq,GL,2021-07-23 16:20:06,77.484,-69.3632,42.21,61,87,2.89
9,Atuona,PF,2021-07-23 16:19:54,-9.8,-139.0333,76.68,75,51,11.68
10,Albany,US,2021-07-23 16:16:58,42.6001,-73.9662,77.58,56,15,1.01
11,Cherskiy,RU,2021-07-23 16:20:20,68.75,161.3,38.26,89,0,6.24
12,Alofi,NU,2021-07-23 16:19:52,-19.0595,-169.9187,75.09,100,17,8.05
13,Bluff,NZ,2021-07-23 16:19:47,-46.6,168.3333,43.81,84,100,10.2
14,Garowe,SO,2021-07-23 16:27:00,8.4054,48.4845,87.57,34,93,23.33
15,Cayenne,GF,2021-07-23 16:23:38,4.9333,-52.3333,87.1,76,75,5.01
16,Mayumba,GA,2021-07-23 16:27:00,-3.432,10.6554,73.74,75,77,6.96
17,Tucuman,AR,2021-07-23 16:24:23,-26.8241,-65.2226,73.4,33,0,9.22
18,Busselton,AU,2021-07-23 16:19:53,-33.65,115.3333,48.09,61,92,15.19
19,Mar Del Plata,AR,2021-07-23 16:17:43,-38.0023,-57.5575,64.87,61,0,8.99
20,Zagyvaszanto,HU,2021-07-23 16:27:01,47.777,19.6709,84.65,35,84,2.64
21,Kavaratti,IN,2021-07-23 16:20:48,10.5669,72.642,82.4,82,99,22.19
22,Norman Wells,CA,2021-07-23 16:20:48,65.282,-126.8329,57.24,94,90,12.66
23,Krasnoselkup,RU,2021-07-23 16:23:59,65.7,82.4667,71.91,73,78,23.44
24,Ostrovnoy,RU,2021-07-23 16:20:25,68.0531,39.5131,45.28,83,100,21.21
25,Tuatapere,NZ,2021-07-23 16:24:11,-46.1333,167.6833,42.82,92,90,6.17
26,Vao,NC,2021-07-23 16:21:31,-22.6667,167.4833,69.96,77,100,9.78
27,Srednekolymsk,RU,2021-07-23 16:23:20,67.45,153.6833,57.49,60,98,5.61
28,Hithadhoo,MV,2021-07-23 16:19:58,-0.6,73.0833,82.89,76,93,16.06
29,Arraial Do Cabo,BR,2021-07-23 16:20:19,-22.9661,-42.0278,76.96,57,20,16.11
30,Eureka,US,2021-07-23 16:23:06,40.8021,-124.1637,64.2,83,0,1.99
31,Ushuaia,AR,2021-07-23 16:19:48,-54.8,-68.3,40.62,75,40,10.36
32,Hermanus,ZA,2021-07-23 16:20:15,-34.4187,19.2345,50.81,69,0,12.59
33,Kodiak,US,2021-07-23 16:20:00,57.79,-152.4072,52.07,95,100,18.28
34,Port Elizabeth,ZA,2021-07-23 16:16:19,-33.918,25.5701,51.1,71,0,3.44
35,Bethel,US,2021-07-23 16:16:18,41.3712,-73.414,80.29,56,1,1.99
36,Erenhot,CN,2021-07-23 16:20:21,43.6475,111.9767,85.24,29,100,7.09
37,Rikitea,PF,2021-07-23 16:23:09,-23.1203,-134.9692,72.14,75,59,17.2
38,Vozrozhdeniye,RU,2021-07-23 16:27:03,44.5503,38.2136,77.25,56,53,8.72
39,Kudahuvadhoo,MV,2021-07-23 16:18:30,2.6708,72.8944,83.26,75,100,11.43
40,Chokurdakh,RU,2021-07-23 16:19:59,70.6333,147.9167,34.75,89,8,11.1
41,Saint-Augustin,CA,2021-07-23 16:25:00,51.226,-58.6502,49.96,89,100,14.45
42,Upernavik,GL,2021-07-23 16:15:31,72.7868,-56.1549,39.42,97,100,9.24
43,Mujiayingzi,CN,2021-07-23 16:24:41,42.1167,118.7833,71.08,78,41,8.79
44,Kirkland Lake,CA,2021-07-23 16:27:03,48.1446,-80.0377,70.09,64,0,4.41
45,Saurimo,AO,2021-07-23 16:27:04,-9.6608,20.3916,81.25,17,89,4.56
46,Namatanai,PG,2021-07-23 16:23:50,-3.6667,152.4333,78.22,83,78,6.89
47,Yanam,IN,2021-07-23 16:27:04,16.7333,82.2167,81.0,86,100,7.61
48,Puerto Leguizamo,CO,2021-07-23 16:23:35,-0.1934,-74.7819,80.26,70,100,3.8
49,Mahebourg,MU,2021-07-23 16:20:45,-20.4081,57.7,71.89,73,75,6.91
50,Sao Felix Do Xingu,BR,2021-07-23 16:23:52,-6.6447,-51.995,94.66,23,5,5.91
51,Haines Junction,CA,2021-07-23 16:21:49,60.7522,-137.5108,53.55,66,51,1.14
52,Cape Town,ZA,2021-07-23 16:16:50,-33.9258,18.4232,57.09,45,0,4.61
53,The Valley,AI,2021-07-23 16:24:32,18.217,-63.0578,89.46,70,20,18.41
54,New Norfolk,AU,2021-07-23 16:19:58,-42.7826,147.0587,47.91,75,35,3.11
55,Lasa,IT,2021-07-23 16:21:30,46.6166,10.7002,80.51,34,38,0.74
56,Pevek,RU,2021-07-23 16:21:11,69.7008,170.3133,43.57,71,96,4.45
57,Talnakh,RU,2021-07-23 16:20:31,69.4865,88.3972,59.47,45,100,6.98
58,Broome,US,2021-07-23 16:23:43,42.2506,-75.833,76.62,59,40,1.99
59,Provideniya,RU,2021-07-23 16:21:15,64.3833,-173.3,47.17,77,40,5.68
60,Esperance,AU,2021-07-23 16:20:05,-33.8667,121.9,51.8,76,91,24.38
61,Vanavara,RU,2021-07-23 16:27:05,60.34,102.2797,60.24,76,50,2.3
62,Mataura,NZ,2021-07-23 16:19:46,-46.1927,168.8643,43.48,90,92,3.18
63,Vaini,TO,2021-07-23 16:19:50,-21.2,-175.2,73.56,94,90,0.0
64,Carnarvon,AU,2021-07-23 16:19:49,-24.8667,113.6333,62.67,66,42,10.36
65,Yellowknife,CA,2021-07-23 16:15:33,62.456,-114.3525,62.33,100,75,5.01
66,Tezu,IN,2021-07-23 16:24:57,27.9167,96.1667,78.64,91,46,3.94
67,Hobart,AU,2021-07-23 16:21:58,-42.8794,147.3294,48.25,76,50,1.01
68,High Level,CA,2021-07-23 16:27:06,58.5169,-117.136,64.51,77,75,4.61
69,Rawson,AR,2021-07-23 16:20:21,-43.3002,-65.1023,52.83,35,0,27.38
70,Cidreira,BR,2021-07-23 16:21:07,-30.1811,-50.2056,66.92,63,9,7.72
71,Port Alfred,ZA,2021-07-23 16:19:54,-33.5906,26.891,53.17,63,69,8.59
72,Ilulissat,GL,2021-07-23 16:19:50,69.2167,-51.1,46.42,76,75,4.61
73,Tskaltubo,GE,2021-07-23 16:27:07,42.3254,42.5979,68.94,88,75,4.61
74,Sao Gabriel Da Cachoeira,BR,2021-07-23 16:27:07,-0.1303,-67.0892,82.2,94,40,3.44
75,Chuy,UY,2021-07-23 16:19:46,-33.6971,-53.4616,65.93,64,6,8.21
76,Kavieng,PG,2021-07-23 16:20:18,-2.5744,150.7967,81.21,80,37,12.37
77,Kuytun,RU,2021-07-23 16:27:07,54.3419,101.5036,58.62,78,17,2.28
78,Punta Arenas,CL,2021-07-23 16:14:59,-53.15,-70.9167,41.11,75,20,19.57
79,Clyde River,CA,2021-07-23 16:20:13,70.4692,-68.5914,35.83,93,90,25.32
80,Ponta Do Sol,PT,2021-07-23 16:19:55,32.6667,-17.1,81.72,67,4,4.07
81,Kruisfontein,ZA,2021-07-23 16:24:43,-34.0033,24.7314,48.88,77,93,5.91
82,Mareeba,AU,2021-07-23 16:27:08,-17.0,145.4333,63.45,96,19,2.01
83,Cockburn Town,TC,2021-07-23 16:24:05,21.4612,-71.1419,87.76,66,40,13.8
84,Nagydorog,HU,2021-07-23 16:27:08,46.6275,18.6556,79.99,31,2,2.89
85,Ribeira Grande,PT,2021-07-23 16:20:31,38.5167,-28.7,73.8,88,75,14.97
86,Maragogi,BR,2021-07-23 16:21:43,-9.0122,-35.2225,78.28,74,39,15.43
87,Tura,IN,2021-07-23 16:21:02,25.5198,90.2201,75.4,93,100,5.97
88,Necochea,AR,2021-07-23 16:23:48,-38.5473,-58.7368,65.03,53,98,10.63
89,Saint-Philippe,RE,2021-07-23 16:23:18,-21.3585,55.7679,69.39,74,58,6.11
90,Aguilas,ES,2021-07-23 16:27:09,37.4063,-1.5829,107.2,46,24,5.82
91,Komsomolskiy,UZ,2021-07-23 16:24:17,40.4272,71.7189,88.52,29,24,0.0
92,Shingu,JP,2021-07-23 16:17:49,33.7333,135.9833,76.91,92,67,3.58
93,Butaritari,KI,2021-07-23 16:19:55,3.0707,172.7902,82.83,77,64,15.3
94,Pahrump,US,2021-07-23 16:27:10,36.2083,-115.9839,95.95,25,100,5.99
95,Barcelos,PT,2021-07-23 16:18:59,41.5388,-8.6151,76.28,63,21,9.73
96,Kapaa,US,2021-07-23 16:17:55,22.0752,-159.319,74.12,84,65,4.0
97,Tazmalt,DZ,2021-07-23 16:27:10,36.3868,4.3989,104.77,13,0,6.24
98,Nyurba,RU,2021-07-23 16:19:06,63.2842,118.3319,61.7,75,98,4.12
99,Sivaki,RU,2021-07-23 16:23:56,52.6333,126.75,70.79,95,81,9.89
100,Salalah,OM,2021-07-23 16:20:52,17.0151,54.0924,78.89,94,90,9.22
101,Jamestown,US,2021-07-23 16:19:51,42.097,-79.2353,75.33,64,75,11.5
102,Bahia Blanca,AR,2021-07-23 16:20:28,-38.7196,-62.2724,61.77,29,100,10.0
103,Itarema,BR,2021-07-23 16:21:04,-2.9248,-39.9167,87.66,49,6,18.48
104,Turayf,SA,2021-07-23 16:24:27,31.6725,38.6637,91.65,27,0,13.8
105,Solnechnyy,RU,2021-07-23 16:24:48,50.7214,136.6319,75.38,82,58,3.6
106,Nikolskoye,RU,2021-07-23 16:19:49,59.7035,30.7861,67.89,51,97,2.73
107,Mount Gambier,AU,2021-07-23 16:20:26,-37.8333,140.7667,46.31,100,75,13.8
108,Zaykovo,RU,2021-07-23 16:27:11,57.5613,62.7568,65.93,73,100,1.45
109,East London,ZA,2021-07-23 16:20:07,-33.0153,27.9116,49.14,76,0,8.05
110,Tungor,RU,2021-07-23 16:27:11,53.3808,142.9564,61.9,99,91,5.84
111,Kashi,CN,2021-07-23 16:27:12,39.4547,75.9797,81.23,44,20,0.0
112,Georgetown,MY,2021-07-23 16:19:48,5.4112,100.3354,84.88,84,20,2.3
113,Vanimo,PG,2021-07-23 16:27:12,-2.6741,141.3028,77.74,90,100,6.53
114,Balykshi,KZ,2021-07-23 16:27:12,47.0667,51.8667,80.6,74,75,11.18
115,Santa Rosalia,MX,2021-07-23 16:27:13,27.3167,-112.2833,86.5,54,63,1.95
116,Kovur,IN,2021-07-23 16:27:13,14.4833,79.9833,84.83,59,100,16.67
117,Dunedin,NZ,2021-07-23 16:24:38,-45.8742,170.5036,43.81,77,59,4.47
118,Angra Dos Reis,BR,2021-07-23 16:24:09,-23.0067,-44.3181,78.76,58,0,5.41
119,Torbay,CA,2021-07-23 16:20:30,47.6666,-52.7314,63.75,94,90,8.05
120,Linares,CL,2021-07-23 16:27:13,-35.85,-71.6,57.52,61,100,6.46
121,Saskylakh,RU,2021-07-23 16:20:17,71.9167,114.0833,59.67,81,36,5.26
122,Tougan,BF,2021-07-23 16:27:14,13.0667,-3.0667,91.87,40,63,7.16
123,Lakeside,US,2021-07-23 16:24:43,30.13,-81.7682,93.02,68,40,1.01
124,Airai,TL,2021-07-23 16:19:56,-8.9266,125.4092,54.93,56,5,3.02
125,Zyryanka,RU,2021-07-23 16:25:47,65.75,150.85,52.59,79,100,1.74
126,Longyearbyen,SJ,2021-07-23 16:23:18,78.2186,15.6401,49.84,71,75,16.11
127,Aranos,NA,2021-07-23 16:21:33,-24.1333,19.1167,54.99,17,0,10.16
128,Kosonsoy,UZ,2021-07-23 16:27:14,41.2561,71.5508,77.56,28,17,6.2
129,Cabo San Lucas,MX,2021-07-23 16:21:40,22.8909,-109.9124,93.81,56,1,1.01
130,Iqaluit,CA,2021-07-23 16:20:05,63.7506,-68.5145,55.13,67,75,10.36
131,Znamenskoye,RU,2021-07-23 16:27:15,57.1281,73.8282,73.33,63,1,10.16
132,Shangqiu,CN,2021-07-23 16:27:15,34.45,115.65,76.48,87,71,6.8
133,Hofn,IS,2021-07-23 16:24:35,64.2539,-15.2082,53.62,94,90,3.44
134,Saint George,US,2021-07-23 16:15:13,37.1041,-113.5841,90.54,59,1,1.01
135,Glenwood Springs,US,2021-07-23 16:25:00,39.5505,-107.3248,76.8,60,40,0.0
136,Yulara,AU,2021-07-23 16:24:00,-25.2406,130.9889,49.84,46,1,5.75
137,Praia Da Vitoria,PT,2021-07-23 16:24:40,38.7333,-27.0667,80.85,65,75,9.35
138,Kiunga,PG,2021-07-23 16:19:16,-6.1219,141.2906,73.08,100,100,1.68
139,San Cristobal,VE,2021-07-23 16:24:09,7.7669,-72.225,82.58,69,94,6.8
140,Bonavista,CA,2021-07-23 16:18:13,48.6499,-53.1147,58.12,96,100,10.16
141,Coffs Harbour,AU,2021-07-23 16:23:09,-30.3,153.1333,48.16,91,4,4.61
142,Namibe,AO,2021-07-23 16:25:16,-15.1961,12.1522,71.4,77,3,9.84
143,Naze,JP,2021-07-23 16:21:07,28.3667,129.4833,77.77,90,100,28.32
144,Bengkulu,ID,2021-07-23 16:20:19,-3.8004,102.2655,76.39,85,65,4.18
145,Karratha,AU,2021-07-23 16:18:42,-20.7377,116.8463,73.06,35,3,11.92
146,Novaya Igirma,RU,2021-07-23 16:27:16,57.1334,103.9112,56.62,94,11,2.13
147,Wangqing,CN,2021-07-23 16:27:16,43.3218,129.7634,73.94,83,100,1.81
148,Ahipara,NZ,2021-07-23 16:20:36,-35.1667,173.1667,49.71,84,1,3.0
149,Nampula,MZ,2021-07-23 16:27:17,-15.1165,39.2666,69.75,83,90,5.75
150,Bonoua,CI,2021-07-23 16:27:17,5.2741,-3.595,82.02,65,92,9.15
151,Liberia,LR,2021-07-23 16:27:17,6.5,-9.5,72.25,95,100,3.94
152,Utica,US,2021-07-23 16:27:17,43.1009,-75.2327,75.34,69,60,4.32
153,Sibu,MY,2021-07-23 16:27:18,2.3,111.8167,79.11,94,40,0.0
154,Gillette,US,2021-07-23 16:27:18,44.2911,-105.5022,81.25,40,1,8.01
155,Plettenberg Bay,ZA,2021-07-23 16:23:26,-34.0527,23.3716,51.62,75,19,8.3
156,Benghazi,LY,2021-07-23 16:27:18,32.1167,20.0667,82.22,61,0,18.59
157,Poso,ID,2021-07-23 16:27:19,-1.3959,120.7524,76.8,88,83,2.98
158,Kendari,ID,2021-07-23 16:27:19,-3.945,122.4989,73.29,89,98,2.42
159,Koster,ZA,2021-07-23 16:27:19,-25.863,26.8976,39.63,20,0,4.88
160,Chimore,BO,2021-07-23 16:27:19,-16.9833,-65.1333,88.11,33,0,4.61
161,Tuktoyaktuk,CA,2021-07-23 16:20:09,69.4541,-133.0374,51.8,76,75,6.91
162,Sinnar,SD,2021-07-23 16:27:20,13.5691,33.5672,92.44,42,78,7.78
163,Manadhoo,MV,2021-07-23 16:27:20,5.7667,73.3833,82.87,77,69,13.31
164,Poum,NC,2021-07-23 16:21:27,-20.2333,164.0167,71.51,81,99,9.17
165,Borogontsy,RU,2021-07-23 16:27:20,62.6683,131.1683,66.15,69,100,2.68
166,Lompoc,US,2021-07-23 16:23:18,34.6391,-120.4579,71.56,86,90,3.44
167,Yar-Sale,RU,2021-07-23 16:20:32,66.8333,70.8333,54.43,97,94,17.85
168,Hervey Bay,AU,2021-07-23 16:22:26,-25.2986,152.8535,70.03,83,36,21.3
169,Preobrazheniye,RU,2021-07-23 16:27:21,42.9019,133.9064,73.99,93,98,4.47
170,Valparaiso,CL,2021-07-23 16:27:21,-33.0393,-71.6273,51.44,94,90,6.91
171,Nanortalik,GL,2021-07-23 16:19:49,60.1432,-45.2371,43.47,84,58,15.01
172,Hamilton,US,2021-07-23 16:20:28,39.1834,-84.5333,82.0,60,1,3.0
173,Gamba,GA,2021-07-23 16:25:04,-2.65,10.0,73.9,73,77,9.53
174,Sechura,PE,2021-07-23 16:25:01,-5.5569,-80.8222,72.9,63,53,8.37
175,Farah,AF,2021-07-23 16:27:22,32.5,62.5,93.47,10,1,1.97
176,Mount Isa,AU,2021-07-23 16:24:22,-20.7333,139.5,55.17,47,3,0.0
177,Severo-Kurilsk,RU,2021-07-23 16:20:08,50.6789,156.125,52.21,95,95,6.71
178,Sabaudia,IT,2021-07-23 16:27:22,41.3003,13.0282,95.9,48,0,8.01
179,Khor,RU,2021-07-23 16:27:22,47.8861,134.9464,80.65,62,56,5.1
180,Port Lincoln,AU,2021-07-23 16:20:47,-34.7333,135.8667,54.84,71,39,30.22
181,Ugoofaaru,MV,2021-07-23 16:27:23,5.6667,73.0,83.37,76,64,14.03
182,Maloy,NO,2021-07-23 16:27:23,61.9353,5.1136,80.44,82,20,24.0
183,Zuwarah,LY,2021-07-23 16:27:23,32.9312,12.082,84.22,57,0,15.19
184,Bubaque,GW,2021-07-23 16:24:37,11.2833,-15.8333,80.73,77,92,15.52
185,Fortuna,US,2021-07-23 16:20:17,40.5982,-124.1573,63.93,78,16,1.99
186,Thinadhoo,MV,2021-07-23 16:27:24,0.5333,72.9333,82.51,77,100,15.14
187,Hualmay,PE,2021-07-23 16:23:37,-11.0964,-77.6139,68.86,68,14,9.69
188,Katsuura,JP,2021-07-23 16:21:20,35.1333,140.3,81.1,84,30,3.44
189,Pangai,TO,2021-07-23 16:25:53,-19.8,-174.35,77.14,86,38,12.15
190,San Quintin,MX,2021-07-23 16:23:53,30.4833,-115.95,71.76,77,67,6.17
191,Sept-Iles,CA,2021-07-23 16:24:45,50.2001,-66.3821,77.52,38,75,2.3
192,Wladyslawowo,PL,2021-07-23 16:27:24,54.7909,18.4009,72.95,69,7,12.17
193,Chernigovka,RU,2021-07-23 16:27:24,44.3389,132.5728,76.41,81,100,5.59
194,Lipin Bor,RU,2021-07-23 16:27:25,60.2622,37.9763,55.9,80,42,11.54
195,Adrar,MR,2021-07-23 16:21:32,20.5022,-10.0711,109.22,10,11,5.14
196,Aklavik,CA,2021-07-23 16:21:44,68.2191,-135.0107,52.63,93,90,4.61
197,Lazaro Cardenas,MX,2021-07-23 16:19:20,17.9583,-102.2,84.42,73,98,3.89
198,Ossora,RU,2021-07-23 16:17:53,59.2353,163.0719,49.35,96,66,3.65
199,San Patricio,US,2021-07-23 16:20:50,28.017,-97.5169,90.01,53,7,15.9
200,Cabul-An,PH,2021-07-23 16:27:25,10.15,124.05,82.49,78,75,11.5
201,Sistranda,NO,2021-07-23 16:24:44,63.7256,8.834,60.76,82,42,11.1
202,Lucea,JM,2021-07-23 16:27:26,18.451,-78.1736,86.86,68,79,12.62
203,Flinders,AU,2021-07-23 16:24:47,-34.5833,150.8552,55.38,85,66,1.01
204,Faya,SA,2021-07-23 16:20:29,18.3851,42.4509,66.31,78,100,5.91
205,Saint-Joseph,RE,2021-07-23 16:27:26,-21.3667,55.6167,68.38,70,43,2.51
206,Zhezkazgan,KZ,2021-07-23 16:23:27,47.8043,67.7144,86.23,22,0,7.67
207,Baykit,RU,2021-07-23 16:24:20,61.67,96.37,64.0,81,89,1.14
208,Castro,BR,2021-07-23 16:19:52,-24.7911,-50.0119,70.36,36,0,5.23
209,Hasaki,JP,2021-07-23 16:20:38,35.7333,140.8333,73.8,85,2,4.74
210,Musafirkhana,IN,2021-07-23 16:27:27,26.3667,81.8,88.07,69,68,6.33
211,Porto Novo,BJ,2021-07-23 16:24:18,6.4965,2.6036,84.02,63,82,11.39
212,Sarakhs,IR,2021-07-23 16:24:42,36.5449,61.1577,100.54,16,0,11.5
213,Strathmore,CA,2021-07-23 16:27:27,51.0501,-113.3852,71.35,55,3,4.61
214,Houston,US,2021-07-23 16:23:15,29.7633,-95.3633,93.11,68,75,5.01
215,Saint Anthony,US,2021-07-23 16:18:52,45.0205,-93.218,89.26,57,1,1.99
216,Hilo,US,2021-07-23 16:15:04,19.7297,-155.09,72.81,94,90,5.75
217,Raudeberg,NO,2021-07-23 16:17:50,61.9875,5.1352,73.0,82,21,25.57
218,Hobyo,SO,2021-07-23 16:21:34,5.3505,48.5268,77.81,79,100,31.23
219,Half Moon Bay,US,2021-07-23 16:18:24,37.4636,-122.4286,71.82,80,90,0.0
220,Togur,RU,2021-07-23 16:27:28,58.3631,82.8265,66.29,69,0,4.56
221,Yarada,IN,2021-07-23 16:27:28,17.65,83.2667,80.92,94,75,11.5
222,De Aar,ZA,2021-07-23 16:27:29,-30.6497,24.0123,41.09,41,0,13.87
223,Purpe,RU,2021-07-23 16:27:29,64.4803,76.6897,69.94,84,100,29.3
224,Pestravka,RU,2021-07-23 16:24:10,52.405,49.9583,72.82,42,59,3.29
225,Vila Velha,BR,2021-07-23 16:21:00,-20.3297,-40.2925,75.96,59,40,10.36
226,Mackay,AU,2021-07-23 16:27:29,-21.15,149.2,67.98,83,9,9.22
227,Kahului,US,2021-07-23 16:19:51,20.8947,-156.47,76.84,91,40,14.97
228,Moussoro,TD,2021-07-23 16:27:30,13.6408,16.4901,87.62,48,98,6.91
229,Bandarbeyla,SO,2021-07-23 16:23:44,9.4942,50.8122,77.13,81,51,36.55
230,Tosno,RU,2021-07-23 16:27:30,59.54,30.8775,67.82,57,93,2.93
231,Ostersund,SE,2021-07-23 16:27:30,63.1792,14.6357,63.61,63,33,19.57
232,Alexandria,EG,2021-07-23 16:16:38,31.2156,29.9553,81.57,61,0,20.4
233,Chapais,CA,2021-07-23 16:21:36,49.7834,-74.8492,73.18,33,6,4.21
234,Kashiwazaki,JP,2021-07-23 16:27:31,37.3667,138.55,75.88,91,18,3.78
235,Nerja,ES,2021-07-23 16:27:31,36.7585,-3.8873,111.38,42,14,3.04
236,San Policarpo,PH,2021-07-23 16:27:31,12.1791,125.5072,82.06,73,100,12.5
237,Ambo,PE,2021-07-23 16:27:31,-10.1308,-76.2047,71.42,36,19,5.55
238,Narsaq,GL,2021-07-23 16:24:23,60.9167,-46.05,53.82,64,30,3.74
239,Avarua,CK,2021-07-23 16:15:20,-21.2078,-159.775,73.45,88,75,6.91
240,Carnduff,CA,2021-07-23 16:19:02,49.1667,-101.8009,75.38,37,40,9.15
241,Polson,US,2021-07-23 16:27:32,47.6936,-114.1632,72.41,38,19,3.76
242,Juneau,US,2021-07-23 16:16:57,58.3019,-134.4197,55.85,93,90,11.5
243,Codrington,AU,2021-07-23 16:24:44,-38.2667,141.9667,45.25,94,55,15.75
244,Sao Filipe,CV,2021-07-23 16:20:33,14.8961,-24.4956,73.2,79,25,10.65
245,Hirara,JP,2021-07-23 16:23:45,24.8,125.2833,82.11,94,100,54.87
246,Byron Bay,AU,2021-07-23 16:25:45,-28.65,153.6167,57.87,91,36,12.01
247,Manica,FR,2021-07-23 16:25:58,49.0,-1.1667,80.01,42,100,11.27
248,Lebu,CL,2021-07-23 16:20:24,-37.6167,-73.65,53.67,79,100,13.87
249,Nouadhibou,MR,2021-07-23 16:23:29,20.931,-17.0347,75.18,64,0,18.41
250,Quatre Cocos,MU,2021-07-23 16:17:39,-20.2078,57.7625,71.71,68,14,12.91
251,Neuhof,DE,2021-07-23 16:27:32,50.4531,9.6175,80.98,46,34,2.39
252,Puerto Del Rosario,ES,2021-07-23 16:23:16,28.5004,-13.8627,82.15,57,20,18.41
253,Tiznit,MA,2021-07-23 16:20:23,29.5833,-9.5,100.78,17,25,2.3
254,Tecoanapa,MX,2021-07-23 16:25:15,16.5167,-98.75,85.5,62,65,1.07
255,Saldanha,ZA,2021-07-23 16:20:57,-33.0117,17.9442,55.45,57,0,6.29
256,Telica,NI,2021-07-23 16:27:33,12.522,-86.8594,90.75,42,87,10.67
257,Kribi,CM,2021-07-23 16:27:33,2.95,9.9167,77.45,85,99,11.14
258,Worland,US,2021-07-23 16:20:14,44.0169,-107.9554,84.6,30,67,6.44
259,Nemuro,JP,2021-07-23 16:19:53,43.3236,145.575,61.45,95,84,10.13
260,Utraula,IN,2021-07-23 16:27:34,27.3167,82.4167,87.71,69,48,5.7
261,Charters Towers,AU,2021-07-23 16:27:34,-20.1,146.2667,61.25,90,98,8.84
262,Belaya Gora,RU,2021-07-23 16:27:34,68.5333,146.4167,50.61,56,76,6.49
263,Cacoal,BR,2021-07-23 16:27:35,-11.4386,-61.4472,95.95,20,0,5.53
264,Gigmoto,PH,2021-07-23 16:27:35,13.7796,124.39,81.73,83,99,14.99
265,Kyenjojo,UG,2021-07-23 16:27:35,0.6328,30.6214,75.22,47,71,2.01
266,Salyan,AZ,2021-07-23 16:27:35,39.5936,48.9805,83.41,60,0,14.9
267,Bilma,NE,2021-07-23 16:25:35,18.6853,12.9164,103.53,18,6,0.81
268,Deep River,CA,2021-07-23 16:26:07,46.1001,-77.4995,72.43,44,0,3.83
269,Acarau,BR,2021-07-23 16:20:43,-2.8856,-40.12,88.25,47,7,18.23
270,Margate,GB,2021-07-23 16:24:07,51.3813,1.3862,70.32,72,75,5.99
271,Bathsheba,BB,2021-07-23 16:21:08,13.2167,-59.5167,86.61,74,40,18.41
272,Srandakan,ID,2021-07-23 16:25:21,-7.9386,110.2506,77.25,79,22,8.86
273,Neuquen,AR,2021-07-23 16:27:36,-38.9516,-68.0591,58.89,47,0,3.44
274,Ouahigouya,BF,2021-07-23 16:27:36,13.5828,-2.4216,94.8,35,30,8.86
275,Semnan,IR,2021-07-23 16:27:37,35.5729,53.3971,94.57,19,15,4.34
276,Isangel,VU,2021-07-23 16:23:57,-19.55,169.2667,74.61,87,12,4.81
277,Aykhal,RU,2021-07-23 16:23:54,66.0,111.5,58.62,77,77,7.92
278,Santa Rosa,PH,2021-07-23 16:24:19,14.3122,121.1114,80.91,92,100,15.39
279,Dikson,RU,2021-07-23 16:20:06,73.5069,80.5464,44.2,70,24,10.18
280,Tiksi,RU,2021-07-23 16:19:57,71.6872,128.8694,42.31,85,96,5.28
281,Kaohsiung,TW,2021-07-23 16:27:37,22.6163,120.3133,84.15,84,40,5.01
282,Novyy Urengoy,RU,2021-07-23 16:21:18,66.0833,76.6333,72.0,73,98,26.78
283,Palmer,US,2021-07-23 16:24:31,42.1584,-72.3287,80.58,47,40,1.01
284,Ust-Nera,RU,2021-07-23 16:24:47,64.5667,143.2,52.86,89,95,2.51
285,Nelson Bay,AU,2021-07-23 16:23:42,-32.7167,152.15,54.95,92,9,7.05
286,Thompson,CA,2021-07-23 16:20:01,55.7435,-97.8558,71.76,43,1,19.57
287,Luwuk,ID,2021-07-23 16:27:38,-0.9516,122.7875,75.58,87,98,7.63
288,Puerto Escondido,MX,2021-07-23 16:27:38,15.85,-97.0667,86.83,70,40,8.05
289,Pochutla,MX,2021-07-23 16:21:25,15.7432,-96.4661,91.81,53,32,4.25
290,Baraboo,US,2021-07-23 16:27:38,43.4711,-89.7443,86.14,64,1,6.91
291,Ola,RU,2021-07-23 16:19:20,59.5833,151.2833,52.65,90,100,3.47
292,San Carlos,VE,2021-07-23 16:27:39,9.6612,-68.5827,80.64,86,66,4.21
293,Huarmey,PE,2021-07-23 16:25:34,-10.0681,-78.1522,70.36,68,15,7.81
294,Rocha,UY,2021-07-23 16:27:39,-34.4833,-54.3333,69.53,60,7,9.55
295,Faanui,PF,2021-07-23 16:20:37,-16.4833,-151.75,78.03,66,90,16.11
296,Porto Velho,BR,2021-07-23 16:27:39,-8.7619,-63.9039,93.25,29,0,4.61
297,Keta,GH,2021-07-23 16:27:40,5.9179,0.9879,82.62,71,92,16.11
298,Benguela,AO,2021-07-23 16:27:40,-12.5763,13.4055,74.84,70,63,5.26
299,Paamiut,GL,2021-07-23 16:21:32,61.994,-49.6678,42.03,88,66,6.29
300,Rio Rancho,US,2021-07-23 16:27:40,35.2334,-106.6645,82.47,49,1,1.01
301,Makokou,GA,2021-07-23 16:27:41,0.5738,12.8642,80.24,58,98,2.28
302,Batagay,RU,2021-07-23 16:25:20,67.6333,134.6333,60.71,52,87,1.77
303,Saint-Pierre,RE,2021-07-23 16:20:09,-21.3393,55.4781,69.48,75,20,6.91
304,Boda,CF,2021-07-23 16:27:41,4.3189,17.4695,79.7,74,53,5.08
305,College,US,2021-07-23 16:21:20,64.8569,-147.8028,62.58,84,75,3.44
306,Mgachi,RU,2021-07-23 16:27:41,51.05,142.2667,66.69,96,80,1.59
307,Komatipoort,ZA,2021-07-23 16:27:42,-25.4332,31.9548,54.05,28,0,6.73
308,Chochola,MX,2021-07-23 16:27:42,20.75,-89.8333,89.01,45,76,6.93
309,Sitka,US,2021-07-23 16:23:07,57.0531,-135.33,57.09,88,90,4.61
310,Huilong,CN,2021-07-23 16:23:10,31.8111,121.655,81.99,88,86,15.82
311,Alice Springs,AU,2021-07-23 16:19:00,-23.7,133.8833,47.75,49,0,4.61
312,Marsa Matruh,EG,2021-07-23 16:27:43,31.3525,27.2453,82.15,57,0,14.2
313,Okhotsk,RU,2021-07-23 16:25:39,59.3833,143.3,55.92,93,74,1.05
314,Zaranj,AF,2021-07-23 16:21:07,30.9667,61.8833,96.76,10,0,10.56
315,Lagoa,PT,2021-07-23 16:19:18,39.05,-27.9833,70.25,92,85,14.52
316,Brae,GB,2021-07-23 16:25:07,60.3964,-1.353,55.31,76,13,7.02
317,Zaysan,KZ,2021-07-23 16:27:43,47.4667,84.8667,71.02,56,40,7.52
318,Piacabucu,BR,2021-07-23 16:24:31,-10.4056,-36.4344,79.16,66,27,12.93
319,Guerrero Negro,MX,2021-07-23 16:19:22,27.9769,-114.0611,76.21,61,46,6.08
320,Gushikawa,JP,2021-07-23 16:27:44,26.3544,127.8686,80.6,97,90,29.93
321,Bose,IT,2021-07-23 16:27:44,45.4612,8.0137,86.02,62,93,1.66
322,Mayo,US,2021-07-23 16:25:01,38.8876,-76.5119,84.36,49,1,8.99
323,Nuqui,CO,2021-07-23 16:27:44,5.7125,-77.2708,81.12,82,100,3.27
324,Toamasina,MG,2021-07-23 16:27:44,-18.1667,49.3833,69.8,83,20,2.3
325,Fort-Shevchenko,KZ,2021-07-23 16:27:45,44.5086,50.263,81.77,67,40,6.73
326,Kifri,IQ,2021-07-23 16:27:45,34.6959,44.9661,105.82,14,0,7.67
327,Geraldton,AU,2021-07-23 16:20:27,-28.7667,114.6,59.41,88,75,14.97
328,Vardo,NO,2021-07-23 16:23:11,70.3705,31.1107,48.4,71,75,21.85
329,Tabuk,PH,2021-07-23 16:19:14,17.4189,121.4443,77.27,83,100,2.62
330,Salta,AR,2021-07-23 16:24:46,-24.7859,-65.4117,73.69,33,0,4.0
331,Benjamin Constant,BR,2021-07-23 16:27:46,-4.3831,-70.0311,87.93,61,0,6.91
332,Rincon,US,2021-07-23 16:27:46,32.296,-81.2354,87.85,73,40,5.75
333,Gorontalo,ID,2021-07-23 16:27:46,0.5412,123.0595,76.68,92,93,4.72
334,Torrington,US,2021-07-23 16:27:46,41.8007,-73.1212,79.79,56,6,7.0
335,Adilcevaz,TR,2021-07-23 16:27:47,38.8039,42.7342,80.31,47,10,3.8
336,Bay Roberts,CA,2021-07-23 16:25:57,47.5999,-53.2648,64.51,87,99,1.99
337,Ketchikan,US,2021-07-23 16:23:38,55.3422,-131.6461,55.87,94,90,9.22
338,Kununurra,AU,2021-07-23 16:23:12,-15.7667,128.7333,62.58,77,26,1.14
339,Coihaique,CL,2021-07-23 16:24:33,-45.5752,-72.0662,46.35,61,40,5.75
340,Kloulklubed,PW,2021-07-23 16:24:01,7.0419,134.2556,82.9,73,100,7.36
341,Santa Isabel Do Rio Negro,BR,2021-07-23 16:18:44,-0.4139,-65.0192,84.15,79,37,3.18
342,Kazachinskoye,RU,2021-07-23 16:27:47,57.6953,93.2761,62.82,75,0,2.91
343,Port Macquarie,AU,2021-07-23 16:22:20,-31.4333,152.9167,44.38,100,40,0.0
344,Bukachacha,RU,2021-07-23 16:27:48,52.9833,116.9167,59.04,93,56,1.95
345,Souillac,MU,2021-07-23 16:20:29,-20.5167,57.5167,71.98,73,75,6.91
346,North Bend,US,2021-07-23 16:23:22,43.4065,-124.2243,64.94,84,1,4.61
347,Pozo Colorado,PY,2021-07-23 16:27:48,-23.4923,-58.7972,91.38,14,0,11.27
348,Trinidad,BO,2021-07-23 16:27:00,-14.8333,-64.9,87.78,45,0,3.44
349,Kuna,US,2021-07-23 16:24:57,43.4918,-116.4201,76.28,25,1,8.05
350,Uyemskiy,RU,2021-07-23 16:27:48,64.4743,40.8524,53.65,58,20,11.18
351,Balkanabat,TM,2021-07-23 16:18:37,39.5108,54.3671,99.63,14,0,10.02
352,Vlore,AL,2021-07-23 16:27:49,40.4667,19.4897,82.65,44,0,10.45
353,Lata,PT,2021-07-23 16:23:33,40.1629,-8.3327,78.04,45,90,11.45
354,Shihezi,CN,2021-07-23 16:27:49,44.3,86.0333,86.36,31,86,5.77
355,Buraydah,SA,2021-07-23 16:25:37,26.326,43.975,108.05,9,4,10.67
356,Vagay,RU,2021-07-23 16:27:49,57.9375,69.0217,66.22,97,67,4.94
357,Tasiilaq,GL,2021-07-23 16:19:48,65.6145,-37.6368,42.96,97,100,2.82
358,Luderitz,NA,2021-07-23 16:24:49,-26.6481,15.1594,67.41,30,0,10.18
359,Arroyo,ES,2021-07-23 16:27:50,41.6096,-4.7969,83.19,25,0,18.41
360,Campos,BR,2021-07-23 16:27:50,-21.75,-41.3,77.05,47,40,0.0
361,Tepalcatepec,MX,2021-07-23 16:27:50,19.1833,-102.85,84.11,63,59,1.05
362,Fort Abbas,PK,2021-07-23 16:27:51,29.1925,72.8536,88.95,60,100,7.09
363,Chanderi,IN,2021-07-23 16:27:51,24.7167,78.1333,84.07,72,100,3.27
364,Ballina,AU,2021-07-23 16:20:08,-28.8667,153.5667,52.79,91,23,8.7
365,Humboldt,US,2021-07-23 16:27:51,40.6665,-123.9178,55.13,48,2,3.78
366,Taltal,CL,2021-07-23 16:18:32,-25.4,-70.4833,60.57,71,28,8.79
367,Ampanihy,MG,2021-07-23 16:20:40,-24.7,44.75,65.14,56,94,13.04
368,Stefanesti,RO,2021-07-23 16:27:51,44.8667,24.9333,76.48,49,83,0.87
369,Caravelas,BR,2021-07-23 16:21:28,-17.7125,-39.2481,73.6,63,100,9.82
370,Kovdor,RU,2021-07-23 16:20:20,67.5662,30.4758,47.26,71,99,10.85
371,Chuncheng,CN,2021-07-23 16:27:52,22.1731,111.7886,79.0,90,0,2.59
372,Lorengau,PG,2021-07-23 16:19:47,-2.0226,147.2712,80.89,82,60,6.42
373,La Ronge,CA,2021-07-23 16:24:23,55.1001,-105.2842,61.05,63,90,11.5
374,Mount Pleasant,US,2021-07-23 16:25:33,32.7941,-79.8626,89.98,79,75,1.01
375,Corowa,AU,2021-07-23 16:27:52,-36.0333,146.3833,45.41,95,100,2.62
376,Pokaran,IN,2021-07-23 16:27:53,26.9167,71.9167,86.11,54,99,11.03
377,Bergen,NO,2021-07-23 16:27:53,60.392,5.328,79.07,77,0,9.22
378,Colesberg,ZA,2021-07-23 16:27:53,-30.72,25.0972,38.03,48,0,14.12
379,Kretinga,LT,2021-07-23 16:27:53,55.8758,21.2508,71.35,64,20,6.91
380,Grand Bank,CA,2021-07-23 16:24:18,47.0999,-55.765,65.98,84,94,9.66
381,Berdigestyakh,RU,2021-07-23 16:20:20,62.0989,126.6992,61.12,95,100,1.88
382,Praxedis Guerrero,MX,2021-07-23 16:27:54,31.3667,-106.0167,87.28,38,90,11.7
383,Sinnamary,GF,2021-07-23 16:21:14,5.3833,-52.95,84.67,70,21,11.39
384,Korgen,NO,2021-07-23 16:27:54,66.0771,13.8153,58.32,93,100,4.54
385,Richards Bay,ZA,2021-07-23 16:20:00,-28.783,32.0377,60.03,54,29,18.19
386,Oriximina,BR,2021-07-23 16:27:54,-1.7656,-55.8661,93.9,37,19,7.92
387,Tateyama,JP,2021-07-23 16:27:55,34.9833,139.8667,81.01,81,67,5.17
388,Ust-Kut,RU,2021-07-23 16:27:55,56.7938,105.7672,56.55,96,60,2.17
389,Anshan,CN,2021-07-23 16:27:55,41.1236,122.99,73.08,88,100,3.96
390,Victor Harbor,AU,2021-07-23 16:27:55,-35.5667,138.6167,53.47,84,49,5.01
391,Udachnyy,RU,2021-07-23 16:21:35,66.4167,112.4,62.15,73,91,9.24
392,Khandagayty,RU,2021-07-23 16:27:56,50.7333,92.05,68.36,53,99,7.92
393,Hami,CN,2021-07-23 16:24:13,42.8,93.45,88.3,36,95,18.16
394,Katangli,RU,2021-07-23 16:24:02,51.7102,143.2326,63.66,97,85,5.06
395,Nhulunbuy,AU,2021-07-23 16:20:15,-12.2333,136.7667,68.61,94,75,0.0
396,Auki,SB,2021-07-23 16:27:56,-8.7676,160.7034,76.96,87,8,3.51
397,Roald,NO,2021-07-23 16:24:30,62.5833,6.1333,77.16,77,0,17.27
398,Harlingen,US,2021-07-23 16:16:53,26.1906,-97.6961,89.51,74,40,14.97
399,Fort Saint James,CA,2021-07-23 16:27:57,54.4333,-124.25,54.82,60,92,3.31
400,Usvyaty,RU,2021-07-23 16:27:57,55.7456,30.7533,70.99,48,53,5.21
401,Quelimane,MZ,2021-07-23 16:21:29,-17.8786,36.8883,75.15,69,75,13.8
402,Praia,CV,2021-07-23 16:24:29,14.9215,-23.5087,82.94,51,20,21.85
403,Pushchino,RU,2021-07-23 16:27:57,54.8339,37.6264,69.55,56,67,10.02
404,Ponazyrevo,RU,2021-07-23 16:27:58,58.3578,46.3142,55.9,98,99,6.38
405,Los Llanos De Aridane,ES,2021-07-23 16:23:22,28.6585,-17.9182,73.15,69,20,23.02
406,Panna,IN,2021-07-23 16:27:58,24.7167,80.2,86.9,64,71,4.29
407,Havoysund,NO,2021-07-23 16:21:15,70.9963,24.6622,46.63,86,99,26.93
408,Lerwick,GB,2021-07-23 16:27:58,60.1545,-1.1494,55.4,83,22,8.77
409,Jalingo,NG,2021-07-23 16:27:59,8.8833,11.3667,76.89,81,98,5.3
410,Victoria,HK,2021-07-23 16:20:14,22.2855,114.1577,88.32,86,14,7.58
411,Maceio,BR,2021-07-23 16:18:45,-9.6658,-35.7353,80.04,65,75,11.5
412,Road Town,VG,2021-07-23 16:23:33,18.4167,-64.6167,86.2,79,40,13.8
413,Gelibolu,TR,2021-07-23 16:27:59,40.4103,26.6708,84.06,43,42,24.18
414,Kota Belud,MY,2021-07-23 16:27:59,6.351,116.4305,78.66,74,100,7.49
415,Betsiamites,CA,2021-07-23 16:28:00,48.9413,-68.646,71.69,62,89,4.12
416,Karatuzskoye,RU,2021-07-23 16:28:00,53.6072,92.8667,64.11,95,100,1.61
417,Narasannapeta,IN,2021-07-23 16:28:00,18.4167,84.05,80.46,85,100,8.19
418,Manavalakurichi,IN,2021-07-23 16:28:00,8.1333,77.3,82.49,83,74,15.88
419,Toora-Khem,RU,2021-07-23 16:28:01,52.4675,96.11,68.61,42,100,1.68
420,Avera,US,2021-07-23 16:25:34,33.194,-82.5271,90.45,52,79,6.53
421,Ngunguru,NZ,2021-07-23 16:28:01,-35.6167,174.5,44.17,85,6,5.14
422,Whittlesea,ZA,2021-07-23 16:28:01,-32.1759,26.8244,34.83,87,58,5.3
423,Carbonia,IT,2021-07-23 16:19:17,39.1672,8.5222,92.35,31,0,6.31
424,Riviere-Au-Renard,CA,2021-07-23 16:28:02,48.9957,-64.3971,68.29,91,100,12.77
425,Portland,US,2021-07-23 16:23:30,45.5234,-122.6762,68.41,65,20,3.0
426,Tayu,ID,2021-07-23 16:28:02,-6.5397,111.0518,77.18,81,16,9.78
427,Chingola,ZM,2021-07-23 16:28:03,-12.529,27.8838,69.93,35,15,3.85
428,Samana,DO,2021-07-23 16:28:03,19.2056,-69.3369,86.22,79,40,9.22
429,Altagracia De Orituco,VE,2021-07-23 16:28:03,9.8601,-66.3814,81.18,80,54,3.09
430,Shintomi,JP,2021-07-23 16:28:04,32.0785,131.4723,75.45,93,100,9.37
431,Burns Lake,CA,2021-07-23 16:28:04,54.2331,-125.7533,47.62,66,100,3.91
432,Puerto Lempira,HN,2021-07-23 16:28:04,15.2667,-83.7667,86.14,79,75,4.61
433,Zhigansk,RU,2021-07-23 16:24:10,66.7697,123.3711,59.38,69,32,3.56
434,Dandong,CN,2021-07-23 16:19:04,40.1292,124.3947,73.83,84,73,0.43
435,Waddan,LY,2021-07-23 16:28:05,29.1614,16.139,93.27,20,0,17.67
436,Khatanga,RU,2021-07-23 16:19:54,71.9667,102.5,55.36,71,52,11.36
437,Birao,CF,2021-07-23 16:28:05,10.2849,22.7882,83.26,66,63,4.47
438,Korla,CN,2021-07-23 16:21:28,41.7597,86.1469,88.92,24,95,10.47
439,Turukhansk,RU,2021-07-23 16:28:05,65.8167,87.9833,67.05,61,46,11.81
440,Cap Malheureux,MU,2021-07-23 16:20:45,-19.9842,57.6142,72.09,70,12,5.01
441,Placido De Castro,BR,2021-07-23 16:19:19,-10.3353,-67.1856,93.87,27,5,2.59
442,Lakes Entrance,AU,2021-07-23 16:28:06,-37.8811,147.981,42.19,87,57,5.73
443,Moindou,NC,2021-07-23 16:28:07,-21.6924,165.677,60.75,84,64,1.3
444,Davenport,US,2021-07-23 16:28:07,41.5236,-90.5776,86.32,67,1,8.05
445,Mahon,ES,2021-07-23 16:24:39,39.8885,4.2658,88.36,37,0,17.27
446,Meru,KE,2021-07-23 16:28:07,0.0463,37.6559,63.97,74,63,4.25
447,Hambantota,LK,2021-07-23 16:21:30,6.1241,81.1185,79.95,77,70,16.37
448,Fethiye,TR,2021-07-23 16:28:08,36.6217,29.1164,85.87,51,9,3.71
449,Khanpur,PK,2021-07-23 16:28:08,28.6453,70.6567,91.35,50,100,12.33
450,Bambous Virieux,MU,2021-07-23 16:20:22,-20.3428,57.7575,71.85,73,75,6.91
451,Klaksvik,FO,2021-07-23 16:20:15,62.2266,-6.589,59.92,90,100,17.34
452,Petropavlovsk-Kamchatskiy,RU,2021-07-23 16:20:52,53.0452,158.6483,48.79,100,40,4.47
453,Porto Walter,BR,2021-07-23 16:24:50,-8.2686,-72.7439,89.4,32,70,2.13
454,Mendi,PG,2021-07-23 16:28:08,-6.1761,143.6513,55.36,98,100,1.54
455,Amahai,ID,2021-07-23 16:24:03,-3.3333,128.9167,77.04,89,100,5.48
456,Baruun-Urt,MN,2021-07-23 16:28:09,46.6806,113.2792,70.09,52,100,4.23
457,Port Townsend,US,2021-07-23 16:28:09,48.117,-122.7605,67.96,69,90,3.0
458,Marsh Harbour,BS,2021-07-23 16:18:42,26.5412,-77.0636,83.84,70,100,7.72
459,Matay,EG,2021-07-23 16:28:09,28.419,30.7792,97.27,18,0,16.64
460,Diamantino,BR,2021-07-23 16:23:34,-14.4086,-56.4461,95.13,19,0,8.19
461,Travnik,BA,2021-07-23 16:28:10,44.2267,17.6706,80.31,41,0,5.06
462,Ghanzi,BW,2021-07-23 16:21:23,-21.5667,21.7833,55.15,15,0,7.87
463,Atar,MR,2021-07-23 16:24:52,20.5169,-13.0499,105.75,14,0,11.1
464,Sunndalsora,NO,2021-07-23 16:28:10,62.6754,8.5515,68.05,52,15,7.14
465,Piney Green,US,2021-07-23 16:28:10,34.716,-77.3202,86.18,57,1,11.5
466,Ust-Kuyga,RU,2021-07-23 16:18:34,70.0167,135.6,55.78,60,94,5.21
467,Caxito,AO,2021-07-23 16:28:11,-8.5785,13.6643,75.85,60,39,13.0
468,Edremit,TR,2021-07-23 16:28:11,39.5961,27.0244,82.15,36,20,19.57
469,Sayat,TM,2021-07-23 16:28:11,38.7839,63.8803,96.67,12,0,11.9
470,Nouakchott,MR,2021-07-23 16:15:49,18.0858,-15.9785,80.53,70,1,15.32
471,Preston,GB,2021-07-23 16:21:35,53.7667,-2.7167,79.32,60,0,5.01
472,Egvekinot,RU,2021-07-23 16:24:41,66.3167,-179.1667,40.64,96,78,4.07
473,Berlevag,NO,2021-07-23 16:25:10,70.8578,29.0864,46.2,89,100,28.88
474,Dosso,NE,2021-07-23 16:28:12,13.049,3.1937,94.19,38,55,4.79
475,Kalabo,ZM,2021-07-23 16:18:51,-14.97,22.6814,73.38,13,84,5.26
476,Riyadh,SA,2021-07-23 16:20:50,24.6877,46.7219,107.74,10,6,9.06
477,Yokadouma,CM,2021-07-23 16:28:12,3.5167,15.05,75.78,93,28,2.28
478,Dashitou,CN,2021-07-23 16:28:12,43.3067,128.5114,70.52,81,100,1.39
479,Mnogovershinnyy,RU,2021-07-23 16:23:47,53.9353,139.9242,66.92,76,71,3.11
480,Lima,PE,2021-07-23 16:22:14,-12.0432,-77.0282,62.85,72,90,10.36
481,Shelburne,CA,2021-07-23 16:17:20,44.0787,-80.2041,75.67,38,0,2.04
482,Parati,BR,2021-07-23 16:28:13,-23.2178,-44.7131,81.5,46,0,5.23
483,Megion,RU,2021-07-23 16:28:13,61.0296,76.1136,77.02,66,6,13.33
484,Tarancon,ES,2021-07-23 16:28:13,40.0085,-3.0073,93.2,10,66,21.52
485,La Asuncion,VE,2021-07-23 16:28:14,11.0333,-63.8628,74.93,100,98,11.5
486,Lagos,NG,2021-07-23 16:26:56,6.5833,3.75,84.52,64,95,9.53
487,Desur,IN,2021-07-23 16:28:14,12.4333,79.4833,84.42,57,100,9.46
488,Saint Leonard,CA,2021-07-23 16:28:14,47.173,-67.9247,71.92,82,71,5.39
489,Padang,ID,2021-07-23 16:28:14,-0.9492,100.3543,78.24,85,44,2.82
490,Thessalon,CA,2021-07-23 16:28:15,46.2501,-83.5666,75.96,70,1,11.41
491,Diego De Almagro,CL,2021-07-23 16:28:15,-26.3667,-70.05,75.34,14,6,5.75
492,Mullingar,IE,2021-07-23 16:28:15,53.5333,-7.35,77.94,76,99,9.66
493,Itacare,BR,2021-07-23 16:28:15,-14.2775,-38.9967,78.69,69,93,15.08
494,Champerico,GT,2021-07-23 16:28:16,14.3,-91.9167,92.35,68,100,4.63
495,Kuala Perlis,MY,2021-07-23 16:28:16,6.4,100.1333,82.4,79,95,2.93
496,Buguruslan,RU,2021-07-23 16:28:16,53.6554,52.442,69.75,51,100,4.74
497,Caramoran,PH,2021-07-23 16:28:17,13.9849,124.1347,82.06,79,100,16.46
498,Kenora,CA,2021-07-23 16:18:22,49.8167,-94.4337,74.37,83,75,6.91
499,Campos Novos,BR,2021-07-23 16:28:17,-27.4017,-51.225,71.24,29,0,5.79
500,Port-Gentil,GA,2021-07-23 16:23:40,-0.7193,8.7815,76.96,73,90,11.5
501,Harper,LR,2021-07-23 16:28:17,4.375,-7.7169,78.98,69,83,11.21
502,Ulaanbaatar,MN,2021-07-23 16:19:35,47.9077,106.8832,55.53,82,40,2.24
503,Jales,BR,2021-07-23 16:28:18,-20.2689,-50.5458,86.13,20,0,10.42
504,Sola,VU,2021-07-23 16:28:18,-13.8833,167.55,79.59,81,94,15.23
505,Ciudad Bolivar,VE,2021-07-23 16:28:18,8.1222,-63.5497,87.96,60,55,5.68
506,Emerald,AU,2021-07-23 16:26:17,-23.5333,148.1667,61.99,47,40,4.61
507,Talcahuano,CL,2021-07-23 16:28:18,-36.7167,-73.1167,55.08,71,0,16.11
508,Inongo,CD,2021-07-23 16:25:25,-1.95,18.2667,77.16,42,63,5.46
509,Nome,US,2021-07-23 16:18:54,64.5011,-165.4064,46.47,87,90,11.5
510,Point Fortin,TT,2021-07-23 16:26:10,10.1833,-61.6833,85.14,77,100,9.15
511,Gravdal,NO,2021-07-23 16:18:59,68.1214,13.5031,49.89,100,75,4.61
512,Murray Bridge,AU,2021-07-23 16:28:19,-35.1167,139.2667,53.13,78,7,13.76
513,Yumen,CN,2021-07-23 16:20:39,40.2833,97.2,88.34,27,44,15.17
514,Lynn Haven,US,2021-07-23 16:28:19,30.2455,-85.6483,93.0,62,40,4.0
515,Madimba,TZ,2021-07-23 16:28:19,-10.4,40.3333,75.51,70,50,11.03
516,Sosva,RU,2021-07-23 16:28:20,59.1766,61.8558,62.73,76,100,1.01
517,Washington,US,2021-07-23 16:26:16,47.5001,-120.5015,72.48,35,4,4.27
518,Gomel,BY,2021-07-23 16:28:20,52.4345,30.9754,78.78,31,0,13.42
519,Xining,CN,2021-07-23 16:24:08,36.6167,101.7667,66.85,61,29,1.7
520,Bol,TD,2021-07-23 16:28:20,13.4586,14.7147,80.49,77,63,8.43
521,Syasstroy,RU,2021-07-23 16:28:21,60.1367,32.5691,61.39,59,52,14.67
522,Howard Springs,AU,2021-07-23 16:28:21,-12.497,131.047,71.51,97,1,1.79
523,Tambopata,PE,2021-07-23 16:25:30,-12.7333,-69.1833,84.09,61,0,3.44
524,Albanel,CA,2021-07-23 16:24:19,48.8832,-72.4487,73.54,46,12,5.75
525,Ewo,CG,2021-07-23 16:28:21,-0.8725,14.8206,90.68,33,83,4.29
526,Babushkin,RU,2021-07-23 16:28:22,51.7122,105.8647,58.69,88,33,8.21
527,Pemangkat,ID,2021-07-23 16:24:51,1.1667,108.9667,80.58,82,73,10.0
528,Dudinka,RU,2021-07-23 16:28:22,69.4058,86.1778,57.24,49,100,10.67
529,Pitkyaranta,RU,2021-07-23 16:28:22,61.5734,31.4792,62.2,42,99,9.6
530,Madang,PG,2021-07-23 16:28:23,-5.2246,145.7966,76.23,93,93,3.18
531,Sundern,DE,2021-07-23 16:28:23,51.3333,8.0,81.23,54,0,7.38
532,Marshall,US,2021-07-23 16:20:14,34.3834,-86.3333,87.44,58,1,1.01
533,Kieta,PG,2021-07-23 16:24:40,-6.2167,155.6333,78.15,85,65,3.27
534,Ust-Maya,RU,2021-07-23 16:28:23,60.4167,134.5333,61.99,82,87,4.27
535,Sungaipenuh,ID,2021-07-23 16:28:24,-2.0833,101.3833,65.28,98,94,1.07
536,Port Keats,AU,2021-07-23 16:28:24,-14.25,129.55,69.75,80,17,1.19
537,Colares,PT,2021-07-23 16:28:24,38.7992,-9.4469,78.48,61,20,14.97
538,Rio Gallegos,AR,2021-07-23 16:24:28,-51.6226,-69.2181,42.85,52,0,21.85
539,Salmas,IR,2021-07-23 16:28:25,38.1973,44.7653,83.39,24,26,4.68
540,Prainha,BR,2021-07-23 16:24:16,-1.8,-53.48,89.69,47,21,6.2
541,Saquarema,BR,2021-07-23 16:28:25,-22.92,-42.5103,77.14,56,0,14.34
542,Aventura,US,2021-07-23 16:28:01,25.9565,-80.1392,95.99,72,40,4.0
543,Brenham,US,2021-07-23 16:24:35,30.1669,-96.3977,90.43,75,40,11.5
544,Salto,UY,2021-07-23 16:28:25,-31.3833,-57.9667,73.56,47,0,11.99
545,Nuuk,GL,2021-07-23 16:26:48,64.1835,-51.7216,47.01,93,75,19.57
546,Chaoyang,CN,2021-07-23 16:28:26,41.5703,120.4586,71.98,90,10,5.39
547,Rybnaya Sloboda,RU,2021-07-23 16:28:26,55.4613,50.1409,69.78,61,44,7.27
548,Banda Aceh,ID,2021-07-23 16:28:26,5.5577,95.3222,81.82,79,99,14.27
549,Fairbanks,US,2021-07-23 16:23:49,64.8378,-147.7164,63.1,84,90,0.0
550,Rancho Palos Verdes,US,2021-07-23 16:28:27,33.7445,-118.387,81.36,86,90,3.0
551,Mabaruma,GY,2021-07-23 16:26:09,8.2,-59.7833,88.95,58,95,5.35
552,Odesskoye,RU,2021-07-23 16:28:27,54.2111,72.9651,74.14,51,0,9.04
553,Fare,PF,2021-07-23 16:21:00,-16.7,-151.0167,77.59,68,77,16.08
554,Hurghada,EG,2021-07-23 16:28:27,27.2574,33.8129,90.37,39,0,18.9
555,Port Hawkesbury,CA,2021-07-23 16:25:12,45.6169,-61.3485,68.79,73,20,5.99
556,Inirida,CO,2021-07-23 16:28:28,3.8653,-67.9239,82.89,74,79,2.84
557,Ikongo,MG,2021-07-23 16:28:28,-21.8833,47.4333,64.94,89,73,0.34
558,Leningradskiy,RU,2021-07-23 16:21:23,69.3833,178.4167,33.76,92,12,9.33
559,Urumqi,CN,2021-07-23 16:19:06,43.801,87.6005,85.15,27,75,2.24
560,Bjornevatn,NO,2021-07-23 16:28:28,69.6672,29.9847,48.54,66,75,18.41
561,Toba,JP,2021-07-23 16:28:29,34.4833,136.85,80.6,83,18,5.68
562,Drayton Valley,CA,2021-07-23 16:28:29,53.2168,-114.9854,60.91,38,5,9.98
